Id,Title,Labels,Iteration,Iteration Start,Iteration End,Type,Estimate,Priority,Current State,Created at,Accepted at,Deadline,Requested By,Description,URL,Owned By,Owned By,Owned By,Comment,Comment,Comment,Task,Task Status,Task,Task Status,Task,Task Status,Task,Task Status,Task,Task Status,Task,Task Status,Task,Task Status,Task,Task Status,Task,Task Status,Task,Task Status,Task,Task Status,Task,Task Status,Task,Task Status,Task,Task Status
183586698,Sign up,"essential, web app",1,"Nov 7, 2022","Nov 13, 2022",feature,3,p0 - Critical,finished,"Oct 20, 2022",,,s1a1d1f1,"As a new user, I want to register as an instructor, so I can do operations. ",https://www.pivotaltracker.com/story/show/183586698,davidyin97,,,"Given a link to the new user, when user click on the link, then a sign up page will be presented. (s1a1d1f1 - Oct 20, 2022)","Given a button that ""register with BU ID"", when user click on the button, then the system will be sign up new user with his/her BU credentials. (s1a1d1f1 - Oct 20, 2022)","The check happens on backend (davidyin97 - Nov 11, 2022)",Add button on the page,completed,Allow user to input credientials,completed,"Check if input credientials already exists, if not, register new user",not completed,Update DB,not completed,Connect button with function,completed,Test,not completed,,,,,,,,,,,,,,,,
183784723,Login  ,essential,1,"Nov 7, 2022","Nov 13, 2022",feature,3,p1 - High,started,"Nov 12, 2022",,,s1a1d1f1,"As an Instructor, I want to login the system with my credentials, so I can access the service.",https://www.pivotaltracker.com/story/show/183784723,davidyin97,s1a1d1f1,,"Given:
A button at home page that allow user to login

When:
Click on the button, user can input its crendentials to access service

Then:
User will be allowed to access the service if input credentials are verified.
 (s1a1d1f1 - Nov 12, 2022)",,,Add a button at home page ,completed,"On click, take user input and verify with DB",completed,Allow access if verified,completed,Test,not completed,,,,,,,,,,,,,,,,,,,,
183783407,Log out,essential,1,"Nov 7, 2022","Nov 13, 2022",feature,1,p2 - Medium,started,"Nov 11, 2022",,,s1a1d1f1,"As an Instructor, I want to logout thge page, so I can logout the page",https://www.pivotaltracker.com/story/show/183783407,davidyin97,s1a1d1f1,,"Given:
A button on each page after login

When:
Click on the button, Instructor will be logout the system

Then:
Instructor will be direct to the home page as un-reconized user (s1a1d1f1 - Nov 12, 2022)",,,Add button on page,completed,Fullfill the function,completed,Every page,not completed,Test,not completed,,,,,,,,,,,,,,,,,,,,
183586776,Create survey,"essential, web app",1,"Nov 7, 2022","Nov 13, 2022",feature,3,p1 - High,started,"Oct 20, 2022",,,s1a1d1f1,"As an instructor, I want to create the survey by clicking the “create” button, so that I can create a new survey.
",https://www.pivotaltracker.com/story/show/183586776,davidyin97,,,"Given:
An ""create survey"" button available at the home (or other) page

When: 
Instructor click on the button, an blank survey will be created and displayed on the page 

Then: 
Instructor can add question and click on ""save"" button to save the survey. (s1a1d1f1 - Oct 20, 2022)",,,Add button on the page,completed,Connect the button with methods in the survey class,completed,Update DB ,completed,Test,not completed,,,,,,,,,,,,,,,,,,,,
183467560,Add question to survey,"essential, web app",1,"Nov 7, 2022","Nov 13, 2022",feature,3,p1 - High,finished,"Oct 5, 2022",,,davidyin97,"As instructor, I want to add questions to the survey, so I can manage the survey.",https://www.pivotaltracker.com/story/show/183467560,davidyin97,s1a1d1f1,,"Given an add question button is available for each survey, when the instructor clicks on it, a page will be displayed to the instructor to enable the instructor to select which question to add to the survey. (UI mock-up) (davidyin97 - Oct 5, 2022)","Given the add question page is available for each survey, when the instructor selects all questions and clicks the submit button, then the question will be added to the survey and will be displayed in the survey, or an error message will be displayed. (For testing, we test the database itself if can correctly store the instructor's assigned questions in each survey) (davidyin97 - Oct 5, 2022)",,"In a specific survey's page, adding button to allow Instructor to add questions",completed,"On click, ask for question types. (Multi or Single Choices)",completed,Ask for input of question text and choices text,completed,Send input to DB and update ,completed,Connect button with function,completed,Test,not completed,,,,,,,,,,,,,,,,
183586675,Remove question from survey,"essential, web app",1,"Nov 7, 2022","Nov 13, 2022",feature,3,p1 - High,started,"Oct 20, 2022",,,s1a1d1f1,"As instructor, I want to remove questions from the survey, so that unecessary questions will disappear.",https://www.pivotaltracker.com/story/show/183586675,davidyin97,Shawn,s1a1d1f1,"Given
An ""remove question"" button is available on each question, at the survey page

When:
Instructor click on the button, a request will be send to the DB

Then:
DB updated and selected question will be removed from the survey on the page. (s1a1d1f1 - Oct 20, 2022)",,,Add button on each questions in the survey to allow Instructor to click to delete question from webpage,completed,Send requests to DB and update,completed,Connect button with function,completed,Test,not completed,,,,,,,,,,,,,,,,,,,,
183777786,Run group distributer (iGroup),"essential, web app",1,"Nov 7, 2022","Nov 13, 2022",feature,3,p1 - High,started,"Nov 11, 2022",,,s1a1d1f1,"As the Instructor, I want to run the group distributer (iGroup) when data are ready, so I can get a result of group distribution.",https://www.pivotaltracker.com/story/show/183777786,davidyin97,,,"Given:
A button available at the home (or other) page

When:
Instructor click on the button, the algorithm will process data

Then:
Instructor can see the group distribution result at the home page. (s1a1d1f1 - Nov 11, 2022)",,,Add button on the page,completed,"Start the algorithm, when finish, update the DB and display results on webpage",completed,Connect the button with methods,not completed,Display result,not completed,Test,not completed,,,,,,,,,,,,,,,,,,
183598438,Group distribution with survey result from students (Algorithm),feature,1,"Nov 7, 2022","Nov 13, 2022",chore,,p1 - High,started,"Oct 20, 2022",,,davidyin97,Randomly assign students to groups given the number of teams and the total number of student,https://www.pivotaltracker.com/story/show/183598438,davidyin97,Haiyang Wang,,"Need to find a way to randomly allocate students to a given number of teams that minimize the variance between each group. (davidyin97 - Oct 20, 2022)",,,Find the algorithm to assign students into groups by their survey results,completed,Implement the algorithm,completed,Verify the algorithm,not completed,Test,not completed,,,,,,,,,,,,,,,,,,,,
183783815,Build DB of finished distribution result,"essential, web app",1,"Nov 7, 2022","Nov 13, 2022",chore,,p1 - High,started,"Nov 11, 2022",,,s1a1d1f1,,https://www.pivotaltracker.com/story/show/183783815,s1a1d1f1,,,,,,Implement the DB in model,not completed,test,not completed,,,,,,,,,,,,,,,,,,,,,,,,
183777246,GUI design,optional,1,"Nov 7, 2022","Nov 13, 2022",chore,,p2 - Medium,started,"Nov 11, 2022",,,s1a1d1f1,Design a GUI with needed webpagewith ,https://www.pivotaltracker.com/story/show/183777246,yao049,,,,,,Design GUI for each page,completed,Format adjusting,not completed,,,,,,,,,,,,,,,,,,,,,,,,
183783460,Remove question choices,essential,2,"Nov 14, 2022","Nov 20, 2022",feature,2,p2 - Medium,unstarted,"Nov 11, 2022",,,s1a1d1f1,"As an Instructor, I want to be able to remove choices in question, so I can manage the survey",https://www.pivotaltracker.com/story/show/183783460,Shawn,,,"Given:
A button on each choice of a question

When:
Instructor click on the button, the choice of the question will be removed

Then:
 Send the request update DB, the choice will be removed from the page (s1a1d1f1 - Nov 11, 2022)",,,Add the button on each choice at of a question,not completed,On click send request to server,not completed,Update DB,not completed,Test,not completed,,,,,,,,,,,,,,,,,,,,
183777678,Display of distribution result,"essential, web app",2,"Nov 14, 2022","Nov 20, 2022",feature,1,p2 - Medium,unstarted,"Nov 11, 2022",,,s1a1d1f1,Display group distribution results on the web page,https://www.pivotaltracker.com/story/show/183777678,davidyin97,,,,,,Code sent the result to front,not completed,BG send to front end,not completed,test,not completed,,,,,,,,,,,,,,,,,,,,,,
183366568,Fill up the survey (student),essential,2,"Nov 14, 2022","Nov 20, 2022",feature,2,p2 - Medium,unstarted,"Sep 23, 2022",,,yao049,"As a student, I want to be able to fill out the survey so that my professor can know my infomation and put me into proper group.",https://www.pivotaltracker.com/story/show/183366568,,,,"Given a Fill-up Survey function is available when students want to fill out their information then they can go on to webpage and click start to do so (yao049 - Sep 24, 2022)","Given the submit function is available when students want to submit their Survey then the can click the submit bottom to do so. (yao049 - Sep 24, 2022)",,Creat a Service Interface and Classes - 0.5 hrs,not completed,Build business logic service layer - 0.5 hrs,not completed,Build controller layer to connect front and backend - 1 hr,not completed,Build a DAO layer and set up database - 0.5 hrs,not completed,Build unit tests and REST API test - 1 hr,not completed,Build UI page- 1 hr,not completed,Test UI functions - 0.5 hrs,not completed,,,,,,,,,,,,,,
183776291,Import students ,essential,2,"Nov 14, 2022","Nov 20, 2022",feature,1,p2 - Medium,unstarted,"Nov 11, 2022",,,s1a1d1f1,"As an instructor, I want to import lists of  students with cvs/json etc. files mannualy (or not?), so It is ez to add students",https://www.pivotaltracker.com/story/show/183776291,Ruotong Wang,,,"Given:
A button or ""file drop-in zone"" at home (or some other) page

When:
Instructor selecte or drag-in and drop file from local (cvs, json, etc) and send it to the BG

Then:
BG received data, store them and display added students on the page. (s1a1d1f1 - Nov 11, 2022)",,,Add button (or drag-in drop zone) on the web page,not completed,Allow access to local files (restrict types),not completed,Send to DB and update page,not completed,Connect button with funtion,not completed,Test,not completed,recieve the csv data,not completed,transform csv data to database,not completed,,,,,,,,,,,,,,
183777259,GUI & Django connect / Decorate existing Django front pages,essential,2,"Nov 14, 2022","Nov 20, 2022",chore,,p3 - Low,unstarted,"Nov 11, 2022",,,s1a1d1f1,"老师提到的，前两种方法

其一：
把现有的GUI网页配合Django的格式改

其二：
在Django的界面上做css和装饰

其三：
我不知道 也许会有比有上面两种都ez的方法",https://www.pivotaltracker.com/story/show/183777259,davidyin97,yao049,,"All tasks are assigned base on the iGroup chart from Figma made by Dawei
https://www.figma.com/file/sBjinmzpBsksR5cehXRMxL/IGroup?node-id=0%3A1&t=ZwMzx7iGNPnypVQy-0 (s1a1d1f1 - Nov 12, 2022)",,,Sort out pages,not completed,Decide which way to go of mentioned 3 above,not completed,Login home page,not completed,Register page,not completed,Home page (after login),not completed,Add course button on home page ???,not completed,Create survey page,not completed,Course menu page,not completed,Survey result hostory page ???,not completed,URL page ???,not completed,Team maker page (algorithm running page),not completed,Distribution result page (Survey result in Figma),not completed,Student survey page ???,not completed,Manual adjust page (non-essential),not completed
183437229,Adding student into the class,"optional, web app",2,"Nov 14, 2022","Nov 20, 2022",feature,1,p3 - Low,unstarted,"Oct 3, 2022",,,s1a1d1f1,"As an Instructor, I want to add students manually (import or on create new instance on web page), so that student register late can get in and ez to use.",https://www.pivotaltracker.com/story/show/183437229,,,,"Given:
An ""add student"" button available at the page

When: 
Instructor click on the buttion, an unfilled page (form) with students' attributes will be displayed to the user 

Then: 
Allow Instructor to input and click ""save"" to add a new student to the class with customized attributes. (s1a1d1f1 - Oct 3, 2022)",,,Adding button to allow create new student instance from webpage,not completed,"Allow Instructor to input student's information, check if student already exists (maybe?)",not completed,Send input to DB and update,not completed,Connect button with function,not completed,Test,not completed,,,,,,,,,,,,,,,,,,
183437243,Removing student from the class,optional,2,"Nov 14, 2022","Nov 20, 2022",feature,1,p3 - Low,unstarted,"Oct 3, 2022",,,s1a1d1f1,"As a Instructor, I want to remove student from the class manually, so that student drop the class can get out.",https://www.pivotaltracker.com/story/show/183437243,,,,"Given
A ""remove student"" button is available on each student, at the student (or other) page

When:
Instructor click on the button, a request will be send to the DB

Then: 
DB updated and selected student will be removed from the class on the page. (s1a1d1f1 - Oct 3, 2022)",,,Add button on each student to allow Instructor to click to delete student from webpage,not completed,Send request to DB and update,not completed,Connect button with function,not completed,Test,not completed,,,,,,,,,,,,,,,,,,,,
183586730,Create team manually,optional,2,"Nov 14, 2022","Nov 20, 2022",feature,1,p3 - Low,unstarted,"Oct 20, 2022",,,s1a1d1f1,"As an instructor, I want to create teams manually, so I can manage the class.
",https://www.pivotaltracker.com/story/show/183586730,,,,"Given: 
A ""create team"" button at home (or other) page

When: 
Instructor click on the button, will require input of essential inofmration and an empty team will be created and displayed on the page

Then:
Instructor can add student and click on ""save"" button to save the team (s1a1d1f1 - Oct 20, 2022)",,,Add button on the page,not completed,Connect the button with methods in the team class,not completed,Update DB,not completed,Test,not completed,,,,,,,,,,,,,,,,,,,,
183586750,Remove team manually,optional,2,"Nov 14, 2022","Nov 20, 2022",feature,1,p3 - Low,unstarted,"Oct 20, 2022",,,s1a1d1f1,"As an instructor, I want to remove teams manually, so I can manage the class.",https://www.pivotaltracker.com/story/show/183586750,,,,"Given:
A ""remove team"" button is available on each team, at the home (or other) page

When: 
Insdtuctor click on the button, a request will be send to the DB

Then: 
DB updataed and selected team will be removed from the class
 (s1a1d1f1 - Oct 20, 2022)",,,Add button to allow Instructor to click to delete team from webpage,not completed,Send request to DB and update,not completed,Connect button with funtion,not completed,Test,not completed,,,,,,,,,,,,,,,,,,,,
183586757,Add member to team manually,optional,3,"Nov 21, 2022","Nov 27, 2022",feature,2,p2 - Medium,unstarted,"Oct 20, 2022",,,s1a1d1f1,"As an instructor, I want to add members into the group manually, so students who register late can get in. (so I can adjust the teams if needed)",https://www.pivotaltracker.com/story/show/183586757,,,,"Given:
An ""add member"" button available at one specific team page

When: 
Instructo click on the buttion, a list of students (with no belonging team?) will be displayed to the Instructor

Then:
Instructor can click on selected students and click ""save"" to add students into the team. (s1a1d1f1 - Oct 20, 2022)",,,Add button on page of a team,not completed,"On click, lists of students with no belonging to team will be given, Instructor can selecte students from there to add",not completed,Send request to DB and update.,not completed,Connect funtion with button,not completed,Test,not completed,,,,,,,,,,,,,,,,,,
183586768,Remove memeber from team manually,optional,3,"Nov 21, 2022","Nov 27, 2022",feature,1,p3 - Low,unstarted,"Oct 20, 2022",,,s1a1d1f1,"As an instructor, I want to remove members out of the group manually, so students who dropped can get out.  (so I can adjust the teams if needed)",https://www.pivotaltracker.com/story/show/183586768,,,,"Given:
An ""remove member"" button on each members at one specific team page

When:
Instroctor can click on the button, the deleted request will be sent to the DB

Then:
DB received the request and update itself then the student will be remove from the team. (s1a1d1f1 - Oct 20, 2022)",,,Add button on each members of a team,not completed,Send request to DB and update on click,not completed,Connect button with function,not completed,Test,not completed,,,,,,,,,,,,,,,,,,,,
183776982,Remove sruvey,optional,3,"Nov 21, 2022","Nov 27, 2022",feature,1,p3 - Low,unstarted,"Nov 11, 2022",,,s1a1d1f1,"As an instructor, I want to remove the survey by clicking the “remove” button, so that I can remove a survey.",https://www.pivotaltracker.com/story/show/183776982,,,,"Given:
An ""remove"" button available on each survey at the home (or other) page

When:
Instructor click on the button, a request will be send to the DB

Then:
DB updataed and selected survey will be removed from the class (s1a1d1f1 - Nov 11, 2022)",,,Add button on each sruvey to allow Instructor to remove sruvey from webpage,not completed,Send request to DB and update,not completed,Connect button with function,not completed,Test,not completed,,,,,,,,,,,,,,,,,,,,
